<?xml version = "1.0" encoding = "utf-8"?>
<!DOCTYPE hibernate-configuration PUBLIC
        "-//Hibernate/Hibernate Configuration DTD 3.0//EN"
        "http://www.hibernate.org/dtd/hibernate-configuration-3.0.dtd">
<hibernate-configuration>
    <session-factory>

        <!-- Set URL -->
        <property name = "hibernate.connection.url">jdbc:mysql://jpaandhibernatedemodb.c8w41kaypeug.ap-south-1.rds.amazonaws.com:3306/hibernate-demo</property>

        <!-- Set User Name -->
        <property name = "hibernate.connection.username">admin</property>

        <!-- Set Password -->
        <property name = "hibernate.connection.password">Guru0421</property>

        <!-- Set Driver Name -->
        <property name = "hibernate.connection.driver_class">com.mysql.cj.jdbc.Driver</property>
        <property name="hibernate.hbm2ddl.auto">update</property>


        <property name = "hibernate.show_sql">true</property>

    </session-factory>
</hibernate-configuration>
